Carter,Lathrop,clathrop,test@gmail.com,24
Joe,Schmo,jschmo,schmo@gmail.com,34
Curly,Braces,cbraces,braces@gmail.com,33
Sudo,Jack,sjack,jack@gmail.com,21
Key,Board,kboard,board@gmail.com,39
Get,Post,gpost,gpost@gmail.com,19
Jules,Savage,jsavage,savage@gmail.com,23
John,Server,jserver,server@gmail.com,26
Amanda,Binds,abinds,binds@gmail.com,47
Taylor,Final,tfinal,final@gmail.com,28
Bradd,Spit,bspit,spit@gmail.com,29
Rachel,String,rstring,string@gmail.com,27
Jeff,Pelt,jpelt,pelt@gmail.com,24
Alex,Overflow,aoverflow,overflow@gmail.com,23
Sam,Mouse,smouse,mouse@gmail.com,53
Nick,Drive,ndrive,drive@gmail.com,26
Aaron,Int,aint,int@gmail.com,27
Rich,Rails,rrails,rails@gmail.com,30
Maxi,Loop,mloop,loop@gmail.com,16
Howard,While,hwhile,while@gmail.com,58
